{
  "bias": -4.16823152902336,
  "prior": 0.1,
  "quadratic": true,
  "weights": [
    0.46731966846918577, -0.01077514394834607, -0.05207241575722734,
    -0.0198289711123193, 0.010258950894722433, 0.05091569318712838,
    -0.01077514394834607, -0.4686653946601104, -0.04223013924913582,
    -0.06006302388002748, 0.0062256035153478205, 0.029169129841328818,
    -0.05207241575722734, -0.04223013924913582, 0.035236087547188565,
    0.012194848421917471, 0.021242507400676958, 0.01792530900235971,
    -0.0198289711123193, -0.06006302388002748, 0.012194848421917471,
    0.1261467013647719, 0.01134179191513704, -0.07522269662151415,
    0.010258950894722433, 0.0062256035153478205, 0.021242507400676958,
    0.01134179191513704, 1.1125241553072602, -0.08883953638911095,
    0.05091569318712838, 0.029169129841328818, 0.01792530900235971,
    -0.07522269662151415, -0.08883953638911095, 1.1662773711148884,
    -0.013486209548107841, 0.0189305735007717, 1.802171515950751,
    -1.8302025734793301, -0.058425752676442795, 0.07566340971550806
  ]
}
